1012014919;GasOilDiagnostika ~ 1012014919
1012014919;GasOilDiagnostika ~ 1012014919
1012045800;KATEK ~ 1012045800
1012045800;KATEK ~ 1012045800
1012047727;Karlskrona ~ 1012047727
1012047727;Karlskrona ~ 1012047727
1012053429;ZholKopir Kurylys ~ 1012053429
1012053429;ZholKopir Kurylys ~ 1012053429
1012054905;PKO ~ 1012054905
1012054905;PKO ~ 1012054905
1012059333;KATEK ~ 1012059333
1012059333;KATEK ~ 1012059333
1012067697;Aspan-Taraz ~ 1012067697
1012067697;Aspan-Taraz ~ 1012067697
1012067869;KATEK ~ 1012067869
1012067869;KATEK ~ 1012067869
1012074702;Cherdantsev ~ 1012074702
1012074702;Cherdantsev ~ 1012074702
1012075156;KazProgressSouz ~ 1012075156
1012075156;KazProgressSouz ~ 1012075156
1012075348;KazProgressSouz ~ 1012075348
1012075348;KazProgressSouz ~ 1012075348
1012079379-12;Er Daut Kolikteri ~ 1012079379-12
1012079379-12;Er Daut Kolikteri ~ 1012079379-12
1012079639;PV-5 LLP ~ 1012079639
1012079639;PV-5 LLP ~ 1012079639
1012080316-12;SSE Group ~ 1012080316-12
1012080316-12;SSE Group ~ 1012080316-12
1012085515-S-12;Munaigas Eng ~ 1012085515-S-12
1012085515-S-12;Munaigas Eng ~ 1012085515-S-12
1012086425-S-12;TransNeft ~ 1012086425-S-12
1012086425-S-12;TransNeft ~ 1012086425-S-12
1012092730;VerBulak ~ 1012092730
1012092730;VerBulak ~ 1012092730
1012095373-S-12;Shymkent KazDorProekt ~ 1012095373-S-12
1012095373-S-12;Shymkent KazDorProekt ~ 1012095373-S-12
1012096269-S-12;Olzha Stroitel ~ 1012096269-S-12
1012096269-S-12;Olzha Stroitel ~ 1012096269-S-12
1012096637-S-12;Olzha Stroitel ~ 1012096637-S-12
1012096637-S-12;Olzha Stroitel ~ 1012096637-S-12
1013000528-S-13;ENTEC PROJECT ~ 1013000528-S-13
1013000528-S-13;ENTEC PROJECT ~ 1013000528-S-13
1013001869-S-12;KATEK ~ 1013001869-S-12
1013001869-S-12;KATEK ~ 1013001869-S-12
1013002647-S-13;Dan-Stroi-Proekt ~ 1013002647-S-13
1013002647-S-13;Dan-Stroi-Proekt ~ 1013002647-S-13
1013003726-S-13;KATEK ~ 1013003726-S-13
1013003726-S-13;KATEK ~ 1013003726-S-13
1013003730-S-13;KATEK ~ 1013003730-S-13
1013003730-S-13;KATEK ~ 1013003730-S-13
1013008472-S-13;Maran Eng. ~ 1013008472-S-13
1013008472-S-13;Maran Eng. ~ 1013008472-S-13
1013009786-S-13;Gornyak ~ 1013009786-S-13
1013009786-S-13;Gornyak ~ 1013009786-S-13
1013009799-S-13;SSE Group ~ 1013009799-S-13
1013009799-S-13;SSE Group ~ 1013009799-S-13
1013011135-S-13;KATEK ~ 1013011135-S-13
1013011135-S-13;KATEK ~ 1013011135-S-13
1013014805-S-13;SSE Group ~ 1013014805-S-13
1013014805-S-13;SSE Group ~ 1013014805-S-13
1013017417-G-13;CTK Asia ~ 1013017417-G-13
1013017417-G-13;CTK Asia ~ 1013017417-G-13
1013019799-S-13;SanEpidExpertise ~ 1013019799-S-13
1013019799-S-13;SanEpidExpertise ~ 1013019799-S-13
1013021498;KazFriaPlast ~ 1013021498
1013021498;KazFriaPlast ~ 1013021498
1013021691-S-13;Spie Oil and Gas Services ~ 1013021691-S-13
1013021691-S-13;Spie Oil and Gas Services ~ 1013021691-S-13
1013024320-S-13;KEMM ~ 1013024320-S-13
1013024320-S-13;KEMM ~ 1013024320-S-13
1013025736-S-13;Spectr Energy Group ~ 1013025736-S-13
1013025736-S-13;Spectr Energy Group ~ 1013025736-S-13
1013026936-S-13;KATEK ~ 1013026936-S-13
1013026936-S-13;KATEK ~ 1013026936-S-13
1013027012;Dominant A ~ 1013027012
1013027012;Dominant A ~ 1013027012
1013028175-G-13;UniFlo ~ 1013028175-G-13
1013028175-G-13;UniFlo ~ 1013028175-G-13
1013028195-G-13;UniFlo ~ 1013028195-G-13
1013028195-G-13;UniFlo ~ 1013028195-G-13
1013028400-G-13;KazFriaPlast ~ 1013028400-G-13
1013028400-G-13;KazFriaPlast ~ 1013028400-G-13
1013029936 от 10.04.2013;KazFriaPlast~1013029936 от 10.04.2013
1013029936 от 10.04.2013;KazFriaPlast~1013029936 от 10.04.2013
1013032694-S-13;Aksu Tas ~ 1013032694-S-13
1013032694-S-13;Aksu Tas ~ 1013032694-S-13
1013032831-S-13;KATEK ~ 1013032831-S-13
1013032831-S-13;KATEK ~ 1013032831-S-13
1013033027-S-13;Spectr Energy Group ~ 1013033027-S-13
1013033027-S-13;Spectr Energy Group ~ 1013033027-S-13
1013033028-S-13;Lyuko-2004 ~ 1013033028-S-13
1013033028-S-13;Lyuko-2004 ~ 1013033028-S-13
1013033133-S-13;Maran Eng. ~ 1013033133-S-13
1013033133-S-13;Maran Eng. ~ 1013033133-S-13
1013033143-S-13;KATEK ~ 1013033143-S-13
1013033143-S-13;KATEK ~ 1013033143-S-13
1013033642-G-13;Auhal ~ 1013033642-G-13
1013033642-G-13;Auhal ~ 1013033642-G-13
1013036596-S-13;SSE Group ~ 1013036596-S-13
1013036596-S-13;SSE Group ~ 1013036596-S-13
1013036762-S-13;Barkut ~ 1013036762-S-13
1013036762-S-13;Barkut ~ 1013036762-S-13
1013037911-S-13;Rhythm Plus ~ 1013037911-S-13
1013037911-S-13;Rhythm Plus ~ 1013037911-S-13
1013039823-G-13;Auhal ~ 1013039823-G-13
1013039823-G-13;Auhal ~ 1013039823-G-13
1013041120-S-13;KATEK ~ 1013041120-S-13
1013041120-S-13;KATEK ~ 1013041120-S-13
1013041534-S-13;Zaman Engineering ~ 1013041534-S-13
1013041534-S-13;Zaman Engineering ~ 1013041534-S-13
1013045443-S-13;Shymkent KazDorProekt ~ 1013045443-S-13
1013045443-S-13;Shymkent KazDorProekt ~ 1013045443-S-13
1013047244-S-13;KazDesignDevelopment Group ~ 1013047244-S-13
1013047244-S-13;KazDesignDevelopment Group ~ 1013047244-S-13
1013047262-S-13;KazDesignDevelopment Group ~ 1013047262-S-13
1013047262-S-13;KazDesignDevelopment Group ~ 1013047262-S-13
1013047300-S-13;Maran Eng. ~ 1013047300-S-13
1013047300-S-13;Maran Eng. ~ 1013047300-S-13
1013047336-S-13;PV-5 LLP ~ 1013047336-S-13
1013047336-S-13;PV-5 LLP ~ 1013047336-S-13
1013051832-S-13;Intrelsys ~ 1013051832-S-13
1013051832-S-13;Intrelsys ~ 1013051832-S-13
1013052076-S-13;Munaigas Eng ~ 1013052076-S-13
1013052076-S-13;Munaigas Eng ~ 1013052076-S-13
1013052501-S-13;Geomatics ~ 1013052501-S-13
1013052501-S-13;Geomatics ~ 1013052501-S-13
1013054210-S-13;IHT ~ 1013054210-S-13
1013054210-S-13;IHT ~ 1013054210-S-13
1013055196-S-13;SSE Group ~ 1013055196-S-13
1013055196-S-13;SSE Group ~ 1013055196-S-13
1013056296-G-13;COMESSA~1013056296-G-13
1013056296-G-13;COMESSA~1013056296-G-13
1013056486-G-13;InterClima ~ 1013056486-G-13
1013056486-G-13;InterClima ~ 1013056486-G-13
1013057950-S-13;Rhythm Plus ~ 1013057950-S-13
1013057950-S-13;Rhythm Plus ~ 1013057950-S-13
1013059949-S-13;HAVECO Construction ~ 1013059949-S-13
1013059949-S-13;HAVECO Construction ~ 1013059949-S-13
1013059978-G-13;Auhal ~ 1013059978-G-13
1013059978-G-13;Auhal ~ 1013059978-G-13
1013059984-S-13;KEMM ~ 1013059984-S-13
1013059984-S-13;KEMM ~ 1013059984-S-13
1013060726-S-13;UltraSpectre ~ 1013060726-S-13
1013060726-S-13;UltraSpectre ~ 1013060726-S-13
1013061522-S-13;KATEK ~ 1013061522-S-13
1013061522-S-13;KATEK ~ 1013061522-S-13
1013061888-S-13;Aksu Tas ~ 1013061888-S-13
1013061888-S-13;Aksu Tas ~ 1013061888-S-13
1013062431-S-13;KPSP ~ 1013062431-S-13
1013062431-S-13;KPSP ~ 1013062431-S-13
1013063209-S-13;Aspan-Taraz ~ 1013063209-S-13
1013063209-S-13;Aspan-Taraz ~ 1013063209-S-13
1013066228-S-13;KATEK ~ 1013066228-S-13
1013066228-S-13;KATEK ~ 1013066228-S-13
1013066535-S-13;Oil and Gas Center ~ 1013066535-S-13
1013066535-S-13;Oil and Gas Center ~ 1013066535-S-13
1013066548-S-13;Kaltai ~ 1013066548-S-13
1013066548-S-13;Kaltai ~ 1013066548-S-13
1013067213-S-13;NICBP ~ 1013067213-S-13
1013067213-S-13;NICBP ~ 1013067213-S-13
1013067550-S-13;Project City ~ 1013067550-S-13
1013067550-S-13;Project City ~ 1013067550-S-13
1013068732-S-13;KPSP ~ 1013068732-S-13
1013068732-S-13;KPSP ~ 1013068732-S-13
1013070064-S-13;Ast Studiya ~ 1013070064-S-13
1013070064-S-13;Ast Studiya ~ 1013070064-S-13
1013071236-G-13;KazFriaPlast ~ 1013071236-G-13
1013071236-G-13;KazFriaPlast ~ 1013071236-G-13
1013075379-G-13;KazFriaPlast ~ 1013075379-G-13
1013075379-G-13;KazFriaPlast ~ 1013075379-G-13
1013075469-G-13;Auhal ~ 1013075469-G-13
1013075469-G-13;Auhal ~ 1013075469-G-13
1013075684-G-13;Auhal ~ 1013075684-G-13
1013075684-G-13;Auhal ~ 1013075684-G-13
1013075757-G-13;Auhal ~ 1013075757-G-13
1013075757-G-13;Auhal ~ 1013075757-G-13
1013076767-G-13;Hi-End Eng ~ 1013076767-G-13
1013076767-G-13;Hi-End Eng ~ 1013076767-G-13
1013076898-G-13;InfraEnergo ~ 1013076898-G-13
1013076898-G-13;InfraEnergo ~ 1013076898-G-13
1013077358-S-13;Ulas ~ 1013077358-S-13
1013077358-S-13;Ulas ~ 1013077358-S-13
1013078067-S-13;Project Eng ~ 1013078067-S-13
1013078067-S-13;Project Eng ~ 1013078067-S-13
1013078449-S-13;Zapadnaya Gornopromyshlenaya Companiya~1013078449-S-13
1013078449-S-13;Zapadnaya Gornopromyshlenaya Companiya~1013078449-S-13
1013083231;Verbulak ~ 1013083231
1013083231;Verbulak ~ 1013083231
1013086767-G-13;Auhal ~ 1013086767-G-13
1013086767-G-13;Auhal ~ 1013086767-G-13
1013088557-S-13;KATEK ~ 1013088557-S-13
1013088557-S-13;KATEK ~ 1013088557-S-13
1013090724-W-13;Gornyak ~ 1013090724-W-13
1013090724-W-13;Gornyak ~ 1013090724-W-13
1013093271-G-13;Auhal ~ 1013093271-G-13
1013093271-G-13;Auhal ~ 1013093271-G-13
1013093311-S-13;KATEK~1013093311-S-13
1013093311-S-13;KATEK~1013093311-S-13
1014003363;Interclima ~ 1014003363
1014003363;Interclima ~ 1014003363
1014008034-G-14;Schneider ~ 1014008034-G-14
1014008034-G-14;Schneider ~ 1014008034-G-14
1014016775-G-14;Auhal ~ 1014016775-G-14
1014016775-G-14;Auhal ~ 1014016775-G-14
1014016776;Auhal ~ 1014016776
1014016777;Auhal ~ 1014016777
1014020113-G-14;AUHAL ~ 1014020113-G-14
1014020113-G-14;AUHAL ~ 1014020113-G-14
1014020120-G-14;Auhal ~ 1014020120-G-14
1014020120-G-14;Auhal ~ 1014020120-G-14
1014022232-G-14;Auhal ~ 1014022232-G-14
1014022232-G-14;Auhal ~ 1014022232-G-14
1014022234-G-14;Auhal ~ 1014022234-G-14
1014022234-G-14;Auhal ~ 1014022234-G-14
1014022488-G-14;Atlas Copco~1014022488-G-14
1014022488-G-14;Atlas Copco~1014022488-G-14
1014022497-G-14;Hi-End Eng ~ 1014022497-G-14
1014022497-G-14;Hi-End Eng ~ 1014022497-G-14
1014023545-G-14;Infraenergo~1014023545-G-14
1014023545-G-14;Infraenergo~1014023545-G-14
1014023625-G-14;Auhal ~ 1014023625-G-14
1014023625-G-14;Auhal ~ 1014023625-G-14
1014024898-S-14;Rythme Plus~1014024898-S-14
1014024898-S-14;Rythme Plus~1014024898-S-14
1014024981-S-14;Rythme Plus~1014024981-S-14
1014024981-S-14;Rythme Plus~1014024981-S-14
1014026771-S-14;Seismokorgau ~ 1014026771-S-14
1014026771-S-14;Seismokorgau ~ 1014026771-S-14
1014028571-S-14;KATEK~1014028571-S-14
1014028571-S-14;KATEK~1014028571-S-14
1014032608-G-14;KazFriaPlast ~ 1014032608-G-14
1014032608-G-14;KazFriaPlast ~ 1014032608-G-14
1014032610-G-14;KazFriaPlast ~ 1014032610-G-14
1014032610-G-14;KazFriaPlast ~ 1014032610-G-14
1014032612-G-14;KazFriaplast ~ 1014032612-G-14
1014032612-G-14;KazFriaplast ~ 1014032612-G-14
1014032613-G-14;Auhal ~ 1014032613-G-14
1014032613-G-14;Auhal ~ 1014032613-G-14
1014032615-G-14;Auhal ~ 1014032615-G-14
1014032615-G-14;Auhal ~ 1014032615-G-14
1014032619-G-14;Auhal ~ 1014032619-G-14
1014032619-G-14;Auhal ~ 1014032619-G-14
1014032621-G-14;High-End Engineering~1014032621-G-14
1014032621-G-14;High-End Engineering~1014032621-G-14
1014032622-G-14;Hi-End Engineering ~ 1014032622-G-14
1014032622-G-14;Hi-End Engineering ~ 1014032622-G-14
1014034557-S-14;ElectroSetProject ~ 1014034557-S-14
1014034557-S-14;ElectroSetProject ~ 1014034557-S-14
1014035211-S-14;Rythme-Plus ~ 1014035211-S-14
1014035211-S-14;Rythme-Plus ~ 1014035211-S-14
1014036986-S-14;Cherdantsev ~ 1014036986-S-14
1014036986-S-14;Cherdantsev ~ 1014036986-S-14
1014038585-S-14;Azia-Technology Group ~  1014038585-S-14
1014038585-S-14;Azia-Technology Group ~  1014038585-S-14
1014042857-S-14;Central Asia Industrial ~ 1014042857-S-14
1014042857-S-14;Central Asia Industrial ~ 1014042857-S-14
1014046544-G-14;Auhal ~ 1014046544-G-14
1014046544-G-14;Auhal ~ 1014046544-G-14
1014046564-G-14;Auhal ~ 1014046564-G-14
1014046564-G-14;Auhal ~ 1014046564-G-14
1014049421-G-14;Arystan ~ 1014049421-G-14
1014049421-G-14;Arystan ~ 1014049421-G-14
1014051623-S-14;Duman ~ 1014051623-S-14
1014051623-S-14;Duman ~ 1014051623-S-14
1014051782-G-14;UniFlo ~ 1014051782-G-14
1014051782-G-14;UniFlo ~ 1014051782-G-14
1014051785-G-14;Auhal ~ 1014051785-G-14
1014051785-G-14;Auhal ~ 1014051785-G-14
1014052142-G-14;KazFriaPlast ~ 1014052142-G-14
1014052142-G-14;KazFriaPlast ~ 1014052142-G-14
1014058648-S-14;KATEK ~ 1014058648-S-14
1014058648-S-14;KATEK ~ 1014058648-S-14
1014079186-G-14;Auhal ~ 1014079186-G-14
1014079186-G-14;Auhal ~ 1014079186-G-14
1014079187-G-14;Hi-End Eng ~ 1014079187-G-14
1014079187-G-14;Hi-End Eng ~ 1014079187-G-14
1015006622-S-15;KATEK ~ 1015006622-S-15
1015006622-S-15;KATEK ~ 1015006622-S-15
1015006642-S-15;KazDesignDevelopment Group ~ 1015006642-S-15
1015006642-S-15;KazDesignDevelopment Group ~ 1015006642-S-15
1015019627-G-15;Granat Service ~ 1015019627-G-15
1015019627-G-15;Granat Service ~ 1015019627-G-15
1015045943-S-15;Seismokorgau ~ 1015045943-S-15
1015045943-S-15;Seismokorgau ~ 1015045943-S-15
1016015150-S-16;KPSP ~ 1016015150-S-16
1016015150-S-16;KPSP ~ 1016015150-S-16
1016015785-S-16;KPSP ~ 1016015785-S-16
1016015785-S-16;KPSP ~ 1016015785-S-16
1016015786-S-16;KPSP ~ 1016015786-S-16
1016015786-S-16;KPSP ~ 1016015786-S-16
1016019515;Chevron Munaigas ~ 1016019515
1016019515;Chevron Munaigas ~ 1016019515
1016020274;UniFlo ~ 1016020274
1016020274;UniFlo ~ 1016020274
1016027776-W-16;KATEK ~ 1016027776-W-16
1016027776-W-16;KATEK ~ 1016027776-W-16
1016027927-W-16;KazDesignDevelopment Group ~ 1016027927-W-16
1016027927-W-16;KazDesignDevelopment Group ~ 1016027927-W-16
1016034090-W-16;KazDesignDevelopment Group ~ 1016034090-W-16
1016034090-W-16;KazDesignDevelopment Group ~ 1016034090-W-16
1016034254-S-16;KATEK ~ 1016034254-S-16
1016034254-S-16;KATEK ~ 1016034254-S-16
1016035487-S-16;KATEK ~ 1016035487-S-16
1016035487-S-16;KATEK ~ 1016035487-S-16
1016035965;EATC ~ 1016035965
1016035965;EATC ~ 1016035965
1016045994-S-16;KEMM ~ 1016045994-S-16
1016045994-S-16;KEMM ~ 1016045994-S-16
1016049018;KazDesignDevelopment Group ~ 1016049018
1016049018;KazDesignDevelopment Group ~ 1016049018
1016056601;Auhal ~ 1016056601
1016056601;Auhal ~ 1016056601
1016060903-S-16;KATEK ~ 1016060903-S-16
1016060903-S-16;KATEK ~ 1016060903-S-16
1016062029;Tsvetmetremont ~ 1016062029
1016062029;Tsvetmetremont ~ 1016062029
1016062314-W-16;KITNG ~ 1016062314-W-16
1016062314-W-16;KITNG ~ 1016062314-W-16
1016066769-S-16;Munaigas Engineering ~ 1016066769-S-16
1016066769-S-16;Munaigas Engineering ~ 1016066769-S-16
1017002021-S-17;UniFlo ~ 1017002021-S-17
1017002021-S-17;UniFlo ~ 1017002021-S-17
1017002538;Katek ~ 1017002538
1017002538;Katek ~ 1017002538
1017019810;SNIP Information System ~ 1017019810
1017022175-S-17;Cabinet Merlin ~ 1017022175-S-17
1017022175-S-17;Cabinet Merlin ~ 1017022175-S-17
1017022232;KEMM-2030 ~ 1017022232
1017022232;KEMM-2030 ~ 1017022232
1017022461;ILF Kazakhstan ~ 1017022461
1017022461;ILF Kazakhstan ~ 1017022461
1017023638;KATEK ~ 1017023638
1017023638;KATEK ~ 1017023638
1017023639;KazDesignDevelopment Group ~ 1017023639
1017023639;KazDesignDevelopment Group ~ 1017023639
1017026649;Munaigas Engineering ~ 1017026649
1017026649;Munaigas Engineering ~ 1017026649
1017028951-W-17;Promyshlemmoye obsledovaniye ~ 1017028951-W-17
1017028951-W-17;Promyshlemmoye obsledovaniye ~ 1017028951-W-17
1017032852;InfraEnerfo ~ 1017032852
1017032852;InfraEnerfo ~ 1017032852
1017033042;KEMM ~ 1017033042
1017033042;KEMM ~ 1017033042
1017036760;Gornyak ~ 1017036760
1017036760;Gornyak ~ 1017036760
1017037247;Chevron Munaigas ~ 1017037247
1017037247;Chevron Munaigas ~ 1017037247
1017042968;Electromontazh ~ 1017042968
1017042968;Electromontazh ~ 1017042968
1017048736;Echyden ~ 1017048736
1017048736;Echyden ~ 1017048736
1017048737;Echyden ~ 1017048737
1017048737;Echyden ~ 1017048737
1017048738;Echyden ~ 1017048738
1017048738;Echyden ~ 1017048738
1017050805;Two key ~ 1017050805
1017050805;Two key ~ 1017050805
1017059411;ASP-Eks ~ 1017059411
1017059411;ASP-Eks ~ 1017059411
1017062209;KEMM-2030 ~ 1017062209
1017062209;KEMM-2030 ~ 1017062209
1017062269-S-18;PKO ~ 1017062269-S-18
1017063006;ILF Kazakhstan ~ 1017063006
1017063006;ILF Kazakhstan ~ 1017063006
1017064228;Chevron Munaigas ~ 1017064228
1017064228;Chevron Munaigas ~ 1017064228
1017064745;KazDesignDevelopment Group ~ 1017064745
1017064745;KazDesignDevelopment Group ~ 1017064745
1018008272-W-18;ZHANNA ARNA 2002 ~ 1018008272-W-18
1018008297-W-18;ZHANNA ARNA 2002 ~ 1018008297-W-18
1018012864;ILF Kazakhstan ~ 1018012864
1018013747;SNIP Information System ~ 1018013747
1018015664-W-18;Gormontazhproject ~ 1018015664-W-18
1018015826-S-18;Turan Kurylys-1 ~ 1018015826-S-18
1018015875-S-18;Turan Kurylys-1 ~ 1018015875-S-18
1018020306-W-18;InfraEnergo ~ 1018020306-W-18
1018020307;KEMM 2030 ~ 1018020307
1018020308-W-18;KITNG ~ 1018020308-W-18
1018026950-W-18;KITNG ~ 1018026950-W-18
1018028565-W-18;KOMEK-1 ~ 1018028565-W-18
1018030886-W-18;KITNG ~ 1018030886-W-18
1018032124-W-18;Munaigas Engineering ~ 1018032124-W-18
1018033607;IHT ~ 1018033607
1018034513-W-18;KEMM 2030 ~ 1018034513-W-18
1018036210-W-18;Antal  ~ 1018036210-W-18
1018039842-W-18;KEMM 2030 ~ 1018039842-W-18
1018043113-S-18;KazDesignDevelopment Group ~ 1018043113-S-18
1018045551-W-18;Infraenergo ~ 1018045551-W-18
1018046806-S-18;FD Group ~ 1018046806-S-18
1018047308-W-18;KadetStroy ~ 1018047308-W-18
1018051165;Two Key ~ 1018051165
1018060376;KEMM ~ 1018060376
1019000923;Volkovgelologia~1019000923
1019001283;KEMM ~ 1019001283
1019006373;KEMM ~ 1019006373
1019016042-S-19;Center of tech. expertias ~ 1019016042-S-19
1019023703;Antal ~ 1019023703
1019034755;KEMM ~ 1019034755
1019038645;KazFriaPlast ~ 1019038645
1019040290;ASPMK-519 ~ 1019040290
1019042690;KITNG ~ 1019042690
1019042930;Munaigas Eng. ~ 1019042930
1019046595;KITNG ~ 1019046595
1019046804;Bilimpaz ~ 1019046804
1019048832;SEB-NAR ~ 1019048832
1019049129;KEMM ~ 1019049129
1019050560;CBC Modul ~ 1019050560
1019050560_;CBC-Modul ~ 1019050560_
1019050601;Spectr Energy Group ~ 1019050601
1019050948;KEMM ~ 1019050948
113054210-S-13;IHT ~ 113054210-S-13
113054210-S-13;IHT ~ 113054210-S-13
40202368-12;Staeva K.K. ~ 40202368-12
40202368-12;Staeva K.K. ~ 40202368-12
40208795-12;Aspan-Taraz ~ 40208795-12
40208795-12;Aspan-Taraz ~ 40208795-12
40219126-12;Seismokorgau ~ 40219126-12
40219126-12;Seismokorgau ~ 40219126-12
4700007942;GasOilDiagnostika ~ 4700007942
4700007942;GasOilDiagnostika ~ 4700007942
4700008611;Nefteremmash ~ 4700008611
4700008611;Nefteremmash ~ 4700008611
4700008638;PKO ~ 4700008638
4700008638;PKO ~ 4700008638
4700008669;PKO ~ 4700008669
4700008669;PKO ~ 4700008669
4700008727;Charlatte ~ 4700008727
4700008727;Charlatte ~ 4700008727
4700008789-FG-12;Auhal ~ 4700008789-FG-12
4700008789-FG-12;Auhal ~ 4700008789-FG-12
4700008801-FS-12;SanEpidExpertise ~ 4700008801-FS-12
4700008801-FS-12;SanEpidExpertise ~ 4700008801-FS-12
4700008819-C-12;StroyBusinessHolding ~ 4700008819-C-12
4700008819-C-12;StroyBusinessHolding ~ 4700008819-C-12
4700009060-FS-13;GasOilDiagnostika ~ 4700009060-FS-13
4700009060-FS-13;GasOilDiagnostika ~ 4700009060-FS-13
4700009330-S-13;KazDesignDevelopment Group ~ 4700009330-S-13
4700009330-S-13;KazDesignDevelopment Group ~ 4700009330-S-13
4700009372-W-13;KazDesignDevelopment Group ~ 4700009372-W-13
4700009372-W-13;KazDesignDevelopment Group ~ 4700009372-W-13
4700009393-S-13;KATEK ~ 4700009393-S-13
4700009393-S-13;KATEK ~ 4700009393-S-13
4700009584-S-13;KazDesignDevelopment Group ~ 4700009584-S-13
4700009584-S-13;KazDesignDevelopment Group ~ 4700009584-S-13
4700009597-C-13;ShymkentKhimMontazh ~ 4700009597-C-13
4700009597-C-13;ShymkentKhimMontazh ~ 4700009597-C-13
4700009626-C-13;Rhythm Plus ~ 4700009626-C-13
4700009626-C-13;Rhythm Plus ~ 4700009626-C-13
4700009630-C-13;ShymkentKhimMontazh ~ 4700009630-C-13
4700009630-C-13;ShymkentKhimMontazh ~ 4700009630-C-13
4700009716-С-13;ShymkentKhimMontazh ~ 4700009716-С-13
4700009716-С-13;ShymkentKhimMontazh ~ 4700009716-С-13
4700009810-C-13;PromKhimMontage ~ 4700009810-C-13
4700009810-C-13;PromKhimMontage ~ 4700009810-C-13
4700009813-S-13;KazDesignDevelopment Group ~ 4700009813-S-13
4700009813-S-13;KazDesignDevelopment Group ~ 4700009813-S-13
4700009814-C-13;PromKhimMontage ~ 4700009814-C-13
4700009814-C-13;PromKhimMontage ~ 4700009814-C-13
4700009973-S-13;KazDesignDevelopment Group~4700009973-S-13
4700009973-S-13;KazDesignDevelopment Group~4700009973-S-13
4700010062-G-14;GenAir ~ 4700010062-G-14
4700010062-G-14;GenAir ~ 4700010062-G-14
4700010184-C-14;ShymkentKhimMontazh ~ 4700010184-C-14
4700010184-C-14;ShymkentKhimMontazh ~ 4700010184-C-14
4700010201-FS-13;Spie Oil and Gas Services~4700010201-FS-13
4700010201-FS-13;Spie Oil and Gas Services~4700010201-FS-13
4700010208-FG-14;Auhal ~ 4700010208-FG-14
4700010208-FG-14;Auhal ~ 4700010208-FG-14
4700010209-FG-14;Auhal ~ 4700010209-FG-14
4700010209-FG-14;Auhal ~ 4700010209-FG-14
4700010363-S-14;Zangar ~ 4700010363-S-14
4700010363-S-14;Zangar ~ 4700010363-S-14
4700010377-C-14;ShymkentkhimMontazh ~ 4700010377-C-14
4700010377-C-14;ShymkentkhimMontazh ~ 4700010377-C-14
4700010421;Copytech ~ 4700010421
4700010421;Copytech ~ 4700010421
4700010502-S-14;KazDesignDevelopment Group ~ 4700010502-S-14
4700010502-S-14;KazDesignDevelopment Group ~ 4700010502-S-14
4700010502-S-14 от 28.03.2014;KazDesignDevelopment Group ~ 4700010502-S-14 от 28.03.2014
4700010502-S-14 от 28.03.2014;KazDesignDevelopment Group ~ 4700010502-S-14 от 28.03.2014
4700010591;Kazpost ~ 4700010591
4700010591;Kazpost ~ 4700010591
4700010845-C-14;Mekhkolonna-49 ~ 4700010845-C-14
4700010845-C-14;Mekhkolonna-49 ~ 4700010845-C-14
4700010890-C-14;Rythme Plus~4700010890-C-14
4700010890-C-14;Rythme Plus~4700010890-C-14
4700010919-C-14;ShymkentKhimMontazh~4700010919-C-14
4700010919-C-14;ShymkentKhimMontazh~4700010919-C-14
4700010937-FS-14;FAN ~ 4700010937-FS-14
4700010937-FS-14;FAN ~ 4700010937-FS-14
4700011011-S-14;KATEK ~ 4700011011-S-14
4700011011-S-14;KATEK ~ 4700011011-S-14
4700011020-C-14;Gornyak ~ 4700011020-C-14
4700011020-C-14;Gornyak ~ 4700011020-C-14
4700011021-С-14;YugStroiService ~ 4700011021-С-14
4700011021-С-14;YugStroiService ~ 4700011021-С-14
4700011035-S-14;PKO ~ 4700011035-S-14
4700011035-S-14;PKO ~ 4700011035-S-14
4700011036-S-14;PKO ~ 4700011036-S-14
4700011036-S-14;PKO ~ 4700011036-S-14
4700011057-S-14;KATEK ~ 4700011057-S-14
4700011057-S-14;KATEK ~ 4700011057-S-14
4700011059-S-14;Dan-Stroi-Project ~ 4700011059-S-14
4700011059-S-14;Dan-Stroi-Project ~ 4700011059-S-14
4700011060-S-14;Kaz Design Development Group ~ 4700011060-S-14
4700011060-S-14;Kaz Design Development Group ~ 4700011060-S-14
4700011068-S-14;KazDesignDevelopment Group ~ 4700011068-S-14
4700011068-S-14;KazDesignDevelopment Group ~ 4700011068-S-14
4700011099-FS-14;Central Asian Scientific and Project Institute Transneft ~ 4700011099-FS-14
4700011099-FS-14;Central Asian Scientific and Project Institute Transneft ~ 4700011099-FS-14
4700011108-FS-14;Seismokorgau ~ 4700011108-FS-14
4700011108-FS-14;Seismokorgau ~ 4700011108-FS-14
4700011109-FS-14;Seismokorgau ~ 4700011109-FS-14
4700011109-FS-14;Seismokorgau ~ 4700011109-FS-14
4700011112-FS-14;Central Asian ~ 4700011112-FS-14
4700011112-FS-14;Central Asian ~ 4700011112-FS-14
4700011130-FS-14;Seismokorgau ~ 4700011130-FS-14
4700011130-FS-14;Seismokorgau ~ 4700011130-FS-14
4700011151-FS-14;PKO ~ 4700011151-FS-14
4700011151-FS-14;PKO ~ 4700011151-FS-14
4700011181-FA-14;Spie Oil and Gas Services ~ 4700011181-FA-14
4700011181-FA-14;Spie Oil and Gas Services ~ 4700011181-FA-14
4700011209-C-14;Spectr Energy Group ~ 4700011209-C-14
4700011209-C-14;Spectr Energy Group ~ 4700011209-C-14
4700011210-C-14;Spectr Energy Group ~ 4700011210-C-14
4700011210-C-14;Spectr Energy Group ~ 4700011210-C-14
4700011211-C-14;Spectr Energy Group ~ 4700011211-C-14
4700011211-C-14;Spectr Energy Group ~ 4700011211-C-14
4700011243-FS-14;GeoArhProject ~ 4700011243-FS-14
4700011243-FS-14;GeoArhProject ~ 4700011243-FS-14
4700011244-FS-14;GeoArhProject ~ 4700011244-FS-14
4700011244-FS-14;GeoArhProject ~ 4700011244-FS-14
4700011245-FS-14;GeoArhProject ~ 4700011245-FS-14
4700011245-FS-14;GeoArhProject ~ 4700011245-FS-14
4700011247-FG-14;GeoArhProject ~ 4700011247-FG-14
4700011247-FG-14;GeoArhProject ~ 4700011247-FG-14
4700011248-S-14;GeoArhProject ~ 4700011248-S-14
4700011248-S-14;GeoArhProject ~ 4700011248-S-14
4700011249-FG;GeoArhProject ~ 4700011249-FG
4700011249-FG;GeoArhProject ~ 4700011249-FG
4700012433;Zavod of polymer pipes South Kasakhstan ~ 4700012433
4700012433;Zavod of polymer pipes South Kasakhstan ~ 4700012433
4700012560-C-15;Universtroy ~ 4700012560-C-15
4700012560-C-15;Universtroy ~ 4700012560-C-15
4700012582-S-15;KazDesignDevelopment Group ~ 4700012582-S-15
4700012582-S-15;KazDesignDevelopment Group ~ 4700012582-S-15
4700012669-S-15;KazDesignDevelopment Group ~ 4700012669-S-15
4700012669-S-15;KazDesignDevelopment Group ~ 4700012669-S-15
4700012729-S-16;KazDesignDevelopment Group ~4700012729-S-16
4700012729-S-16;KazDesignDevelopment Group ~4700012729-S-16
4700012775-FS-15;Gornyak ~ 4700012775-FS-15
4700012775-FS-15;Gornyak ~ 4700012775-FS-15
4700012787-FG-15;Auhal ~ 4700012787-FG-15
4700012787-FG-15;Auhal ~ 4700012787-FG-15
4700012921-FS-15;Nur Kan Industry Service ~ 4700012921-FS-15
4700012921-FS-15;Nur Kan Industry Service ~ 4700012921-FS-15
4700012923-FC-15;Universtroy ~ 4700012923-FC-15
4700012923-FC-15;Universtroy ~ 4700012923-FC-15
4700012966-FS-16;Universtroy ~ 4700012966-FS-16
4700012966-FS-16;Universtroy ~ 4700012966-FS-16
4700012981-FS-15;Gornyak ~ 4700012981-FS-15
4700012981-FS-15;Gornyak ~ 4700012981-FS-15
4700012988-FS-16;Gornyak ~ 4700012988-FS-16
4700012988-FS-16;Gornyak ~ 4700012988-FS-16
4700013440-FS-16;Nur Kan Industry Service ~ 4700013440-FS-16
4700013440-FS-16;Nur Kan Industry Service ~ 4700013440-FS-16
4700013441-FS-16;Nur Kan Industry Service ~ 4700013441-FS-16
4700013441-FS-16;Nur Kan Industry Service ~ 4700013441-FS-16
4700013442-FS-16;Nur Kan Industry Service ~ 4700013442-FS-16
4700013442-FS-16;Nur Kan Industry Service ~ 4700013442-FS-16
4700013615;Universtroy ~ 4700013615
4700013615;Universtroy ~ 4700013615
4700013719;Turan Kurylys ~ 4700013719
4700013719;Turan Kurylys ~ 4700013719
4700013737;KazDesignDevelopment Group ~ 4700013737
4700013737;KazDesignDevelopment Group ~ 4700013737
4700013803-W-16;Spectr energy group ~ 4700013803-W-16
4700013803-W-16;Spectr energy group ~ 4700013803-W-16
4700013856;KATEK ~ 4700013856
4700013856;KATEK ~ 4700013856
4700013860;KEMM ~ 4700013860
4700013860;KEMM ~ 4700013860
4700013863-S-16;KazDesignDevelopment Group ~ 4700013863-S-16
4700013863-S-16;KazDesignDevelopment Group ~ 4700013863-S-16
4700013864-S-16;GeoArhProject ~ 4700013864-S-16
4700013864-S-16;GeoArhProject ~ 4700013864-S-16
4700013877-W-16;Spectr energy group ~ 4700013877-W-16
4700013877-W-16;Spectr energy group ~ 4700013877-W-16
4700013881-FG-16;InfraEnergo ~ 4700013881-FG-16
4700013881-FG-16;InfraEnergo ~ 4700013881-FG-16
4700013926;KEMM ~ 4700013926
4700013926;KEMM ~ 4700013926
4700013929-S-16;Universtroy ~ 4700013929-S-16
4700013929-S-16;Universtroy ~ 4700013929-S-16
4700013945;Munaigas Eng. ~ 4700013945
4700013945;Munaigas Eng. ~ 4700013945
4700014501-W-17;KEMM ~ 4700014501-W-17
4700014501-W-17;KEMM ~ 4700014501-W-17
4700014650;Antal ~ 4700014650
4700014650;Antal ~ 4700014650
4700015355;UniFlo ~ 4700015355
4700015356;BETAR ASIA ~ 4700015356
4700015399;Technoservice-engineering ~ 4700015399
4700015465-FG-18;KazFriaPlast ~ 4700015465-FG-18
AES;AES ~ Automation-АСУТП
AES;AES ~ Automation-АСУТП
AIRD;AIRD ~ Permitting documents AIRDROME
AIRD;AIRD ~ Permitting documents AIRDROME
ALA-1323-D-08;TechEnergoService ~ ALA-1323-D-08
ALA-1323-D-08;TechEnergoService ~ ALA-1323-D-08
ALA-1396-D-08;RET ~ ALA-1396-D-08
ALA-1396-D-08;RET ~ ALA-1396-D-08
ALA-1650-08;RenSnab ~ ALA-1650-08
ALA-1650-08;RenSnab ~ ALA-1650-08
ALA-1651-08;RenSnab ~ ALA-1651-08
ALA-1651-08;RenSnab ~ ALA-1651-08
ALA-1771-09;IHT ~ ALA-1771-09
ALA-1771-09;IHT ~ ALA-1771-09
ALA-B-1410-08;PET ~ ALA-B-1410-08
ALA-B-1410-08;PET ~ ALA-B-1410-08
ASTANA SOLAR;ASTANA SOLAR
ASTANA SOLAR;ASTANA SOLAR
BASE CAMP;"BASE CAMP ~ Permitting documents KATCO BASE CAMP ""Shanyrak"""
BASE CAMP;"BASE CAMP ~ Permitting documents KATCO BASE CAMP ""Shanyrak"""
BASE CAMP-ELE;BASE CAMP-ELE ~ Permitting docs ELECTRICITY of KATCO BASE CAMP
BASE CAMP-ELE;BASE CAMP-ELE ~ Permitting docs ELECTRICITY of KATCO BASE CAMP
C-40192167-12;KazSpecRemont ~ C-40192167-12
C-40192167-12;KazSpecRemont ~ C-40192167-12
CAP-0194-09;OSK ~ CAP-0194-09
CAP-0194-09;OSK ~ CAP-0194-09
CAP-0195-09;KPSP ~ CAP-0195-09
CAP-0195-09;KPSP ~ CAP-0195-09
CAP-0209-09;Moody Int. ~ CAP-0209-09
CAP-0209-09;Moody Int. ~ CAP-0209-09
CAP-1012018744-12;KATEK ~ CAP-1012018744-12
CAP-1012018744-12;KATEK ~ CAP-1012018744-12
CAP-A-4700008684-12;Gornyak ~ CAP-A-4700008684-12
CAP-A-4700008684-12;Gornyak ~ CAP-A-4700008684-12
CAP-B-1012060845-12;Auhal ~ CAP-B-1012060845-12
CAP-B-1012060845-12;Auhal ~ CAP-B-1012060845-12
CAP-B-1012076840-12;Machinery Service ~ CAP-B-1012076840-12
CAP-B-1012076840-12;Machinery Service ~ CAP-B-1012076840-12
CAP-B-1012076842-12;Auhal ~ CAP-B-1012076842-12
CAP-B-1012076842-12;Auhal ~ CAP-B-1012076842-12
CAP-E-4700008657-12;KATEK ~ CAP-E-4700008657-12
CAP-E-4700008657-12;KATEK ~ CAP-E-4700008657-12
CHOLAK-KORGAN-SCHOOL;CHOLAK-KORGAN-SCHOOL ~ Permitting docs School in Cholak-Korgan
CHOLAK-KORGAN-SCHOOL;CHOLAK-KORGAN-SCHOOL ~ Permitting docs School in Cholak-Korgan
DM-AB-10-080;ElectroService ~ DM-AB-10-080
DM-AB-10-080;ElectroService ~ DM-AB-10-080
DM-AB-10-099;Central Asian Project ~ DM-AB-10-099
DM-AB-10-099;Central Asian Project ~ DM-AB-10-099
DM-AB-10-153;ElectroService ~ DM-AB-10-153
DM-AB-10-153;ElectroService ~ DM-AB-10-153
DM-AB-11-038;Rhythm Plus ~ DM-AB-11-038
DM-AB-11-038;Rhythm Plus ~ DM-AB-11-038
DM-AB-11-043;Rhythm Plus ~ DM-AB-11-043
DM-AB-11-043;Rhythm Plus ~ DM-AB-11-043
DM-D-10-025;MetalloIzdeliya ~ DM-D-10-025
DM-D-10-025;MetalloIzdeliya ~ DM-D-10-025
DM-D-11-089;ElectroSetProject ~ DM-D-11-089
DM-D-11-089;ElectroSetProject ~ DM-D-11-089
DM-E-10-028;UltraSpectre ~ DM-E-10-028
DM-E-10-028;UltraSpectre ~ DM-E-10-028
DM-E-10-062;KPSP ~ DM-E-10-062
DM-E-10-062;KPSP ~ DM-E-10-062
DP-00-00-GEN;DP-00-00-GEN ~ for only DCC use (old docs)
DP-00-00-GEN;DP-00-00-GEN ~ for only DCC use (old docs)
DP-00-12-GEN;General ~ DP-00-12-GEN
DP-00-12-GEN;General ~ DP-00-12-GEN
DP-00-13-GEN;General ~ DP-00-13-GEN
DP-00-13-GEN;General ~ DP-00-13-GEN
DP-00-14-GEN;General ~ DP-00-14-GEN
DP-00-14-GEN;General ~ DP-00-14-GEN
DP-00-15-GEN;General ~ DP-00-15-GEN
DP-00-15-GEN;General ~ DP-00-15-GEN
DP-00-16-GEN;General ~ DP-00-16-GEN
DP-00-16-GEN;General ~ DP-00-16-GEN
DP-00-17-GEN;General ~ DP-00-17-GEN
DP-00-17-GEN;General ~ DP-00-17-GEN
DP-00-18-GEN;General ~ DP-00-18-GEN
DP-00-18-GEN;General ~ DP-00-18-GEN
DP-00-19-GEN;General ~ DP-00-19-GEN
DP-00-20-GEN;General ~ DP-00-20-GEN
DP-AB-10-051;ElectroService ~ DP-AB-10-051
DP-AB-10-051;ElectroService ~ DP-AB-10-051
DP-AB-10-151;Maran Eng. ~ DP-AB-10-151
DP-AB-10-151;Maran Eng. ~ DP-AB-10-151
DP-AB-10-163;OSK ~ DP-AB-10-163
DP-AB-10-163;OSK ~ DP-AB-10-163
DP-AB-11-077;Rhythm Plus ~ DP-AB-11-077
DP-AB-11-077;Rhythm Plus ~ DP-AB-11-077
DP-AB-11-104;ASUTP ~ DP-AB-11-104
DP-AB-11-104;ASUTP ~ DP-AB-11-104
DP-C-11-042;OSK ~ DP-C-11-042
DP-C-11-042;OSK ~ DP-C-11-042
DP-C-11-050;OSK ~ DP-C-11-050
DP-C-11-050;OSK ~ DP-C-11-050
DP-D-10-132;ASPMK ~ DP-D-10-132
DP-D-10-132;ASPMK ~ DP-D-10-132
DP-D-10-259;Maran Eng. ~ DP-D-10-259
DP-D-10-259;Maran Eng. ~ DP-D-10-259
DP-D-11-045;KazProgressSouz ~ DP-D-11-045
DP-D-11-045;KazProgressSouz ~ DP-D-11-045
DP-D-11-057;COMESSA ~ DP-D-11-057
DP-D-11-057;COMESSA ~ DP-D-11-057
DP-D-11-073;Charlatte ~ DP-D-11-073
DP-D-11-073;Charlatte ~ DP-D-11-073
DP-D-11-074;CTK Asia ~ DP-D-11-074
DP-D-11-074;CTK Asia ~ DP-D-11-074
DP-D-11-086;KPSP ~ DP-D-11-086
DP-D-11-086;KPSP ~ DP-D-11-086
DP-D-11-090;Plast Invest ~ DP-D-11-090
DP-D-11-090;Plast Invest ~ DP-D-11-090
DP-D-11-092;Automation and Technical Solutions~DP-D-11-092
DP-D-11-092;Automation and Technical Solutions~DP-D-11-092
DP-D-12-008;Charlatte ~ DP-D-12-008
DP-D-12-008;Charlatte ~ DP-D-12-008
DP-E-10-188;KPSP ~ DP-E-10-188
DP-E-10-188;KPSP ~ DP-E-10-188
DP-E-11-046;KATEK ~ DP-E-11-046
DP-E-11-046;KATEK ~ DP-E-11-046
DP-E-11-049;PKO ~ DP-E-11-049
DP-E-11-049;PKO ~ DP-E-11-049
DP-E-12-016;KATEK ~ DP-E-12-016
DP-E-12-016;KATEK ~ DP-E-12-016
Electroservice ~ CAP-0154-09;Electroservice ~ CAP-0154-09
Electroservice ~ CAP-0154-09;Electroservice ~ CAP-0154-09
EXT-ELE;"EXT-ELE ~ Permitting documents ELECTRICITY ""External Power Supply of KATCO facilities"""
EXT-ELE;"EXT-ELE ~ Permitting documents ELECTRICITY ""External Power Supply of KATCO facilities"""
GEN-C-1974-09;PKO ~ GEN-C-1974-09
GEN-C-1974-09;PKO ~ GEN-C-1974-09
GEN-C-40114920-11;PKO ~ GEN-C-40114920-11
GEN-C-40114920-11;PKO ~ GEN-C-40114920-11
GEN-C-40128883-12;Business Forward ~ GEN-C-40128883-12
GEN-C-40128883-12;Business Forward ~ GEN-C-40128883-12
GEN-C-40166469-12;IHT ~ GEN-C-40166469-12
GEN-C-40166469-12;IHT ~ GEN-C-40166469-12
GEN-C-40171147-12;PV-5 LLP ~ GEN-C-40171147-12
GEN-C-40171147-12;PV-5 LLP ~ GEN-C-40171147-12
KATEK~ 4700011011-S-14;
KazDesignDevelopment Group ~ 1015006642-S-15;
KINDERGARTEN;KINDERGARTEN ~ Permitting documents KINDERGARTEN
KINDERGARTEN;KINDERGARTEN ~ Permitting documents KINDERGARTEN
MINING;MINING ~ Permitting docs MINING sites N1 MYKS and N2 TKD
MINING;MINING ~ Permitting docs MINING sites N1 MYKS and N2 TKD
MYKC;MYKC ~ Muyunkum Center Documents
MYKC;MYKC ~ Muyunkum Center Documents
MYKC-GEOCAMP;MYKC-GEOCAMP ~ Permitting docs Geological Camp at MUYUNKUM CENTER
MYKC-GEOCAMP;MYKC-GEOCAMP ~ Permitting docs Geological Camp at MUYUNKUM CENTER
MYKS;MYKS ~ Permitting documents MUYUNKUM SOUTH
MYKS;MYKS ~ Permitting documents MUYUNKUM SOUTH
MYKS-TKDS-SC;MYKS-TKDS-SC ~ Permitting docs SLUDGE COLLECTORS at sites N1 MYKS and N2 TKDS
MYKS-TKDS-SC;MYKS-TKDS-SC ~ Permitting docs SLUDGE COLLECTORS at sites N1 MYKS and N2 TKDS
NA;NA ~ Not Applicable
NA;NA ~ Not Applicable
OPE-459;Aiym Plus ~ OPE-459
OPE-459;Aiym Plus ~ OPE-459
OPE-B-1012065908-12;Plast Invest ~ OPE-B-1012065908-12
OPE-B-1012065908-12;Plast Invest ~ OPE-B-1012065908-12
OPE-B-1012074691-12;Maier Service ~ OPE-B-1012074691-12
OPE-B-1012074691-12;Maier Service ~ OPE-B-1012074691-12
OPE-B-1013054532;KazFriaPlast ~ OPE-B-1013054532
OPE-B-1013054532;KazFriaPlast ~ OPE-B-1013054532
OPE-B-1013054533-13;Auhal ~ OPE-B-1013054533-13
OPE-B-1013054533-13;Auhal ~ OPE-B-1013054533-13
OPE-B-1013069532-13;Auhal ~ OPE-B-1013069532-13
OPE-B-1013069532-13;Auhal ~ OPE-B-1013069532-13
OPE-B-1013069537-13;Auhal ~ OPE-B-1013069537-13
OPE-B-1013069537-13;Auhal ~ OPE-B-1013069537-13
RFM0314;RFM0314
RFM0314;RFM0314
RFM0315;RFM0315
RFM0315;RFM0315
RFM0321;RFM0321
RFM0321;RFM0321
RFM0323;RFM0323
RFM0323;RFM0323
RFM0326;RFM0326
RFM0326;RFM0326
STKD;STKD ~ South Tortkuduk
STKD;STKD ~ South Tortkuduk
TKDN;TKDN ~ Permitting documents TORTKUDUK NORTH
TKDN;TKDN ~ Permitting documents TORTKUDUK NORTH
TKDS;TKDS ~ Permitting documents TORTKUDUK SOUTH
TKDS;TKDS ~ Permitting documents TORTKUDUK SOUTH
TKDS-CW;TKDS-CW ~ Permitting docs CENTRAL WAREHOUSE
TKDS-CW;TKDS-CW ~ Permitting docs CENTRAL WAREHOUSE
TKDS-DS;TKDS-DS ~ Permitting docs DIESEL STORAGE
TKDS-DS;TKDS-DS ~ Permitting docs DIESEL STORAGE
TKDS-ESC;TKDS-ESC ~ Permitting docs EMERGENCY SERVICES CENTER
TKDS-ESC;TKDS-ESC ~ Permitting docs EMERGENCY SERVICES CENTER
TKDS-EVMC;TKDS-EVMC ~ Permitting docs Equipment and Vehicle Maintenance Center at TKDS
TKDS-EVMC;TKDS-EVMC ~ Permitting docs Equipment and Vehicle Maintenance Center at TKDS
TKDS-TCC;TKDS-TCC ~ Permitting docs Temporary Contractor Camp at site N2 TKDS
TKDS-TCC;TKDS-TCC ~ Permitting docs Temporary Contractor Camp at site N2 TKDS
